epoch,time,train/box_loss,train/cls_loss,train/dfl_loss,metrics/precision(B),metrics/recall(B),metrics/mAP50(B),metrics/mAP50-95(B),val/box_loss,val/cls_loss,val/dfl_loss,lr/pg0,lr/pg1,lr/pg2
1,57.4123,2.12744,2.61488,1.64752,0.15248,0.25298,0.10362,0.021,2.89488,8.34205,1.82048,0.000653333,0.000653333,0.000653333
2,104.279,1.9784,1.96068,1.52517,0.31787,0.30993,0.19457,0.03978,2.99146,2.35437,1.99572,0.00130693,0.00130693,0.00130693
3,150.814,2.20015,2.13076,1.64643,0.00121,0.03576,0.00062,0.00023,nan,nan,nan,0.00194733,0.00194733,0.00194733
4,198.558,2.01539,1.98781,1.53245,0.02003,0.14967,0.00914,0.00333,2.56944,inf,10.2942,0.0019406,0.0019406,0.0019406
5,245.364,2.24477,1.96039,1.72407,0.13644,0.26225,0.0576,0.01844,2.82698,5.70849,6.27983,0.0019208,0.0019208,0.0019208
6,290.184,2.02168,1.72352,1.56036,0.33324,0.24625,0.18174,0.04602,3.23067,4.00808,2.58682,0.001901,0.001901,0.001901
7,335.342,1.8966,1.54357,1.45356,0.35741,0.12053,0.0952,0.0329,2.69264,3.58096,1.79088,0.0018812,0.0018812,0.0018812
8,380.294,1.82974,1.52478,1.4637,0.12139,0.56954,0.09504,0.02754,2.54444,12.5217,1.57901,0.0018614,0.0018614,0.0018614
9,425.628,1.87015,1.46843,1.45289,0.14622,0.55629,0.11256,0.03336,2.44254,8.53654,1.49765,0.0018416,0.0018416,0.0018416
10,471.066,1.81286,1.41626,1.43437,0.60556,0.56734,0.59042,0.22651,2.19373,1.81783,1.36194,0.0018218,0.0018218,0.0018218
11,517.066,1.80879,1.49742,1.41467,0.48924,0.5298,0.46694,0.14472,2.33316,1.6294,1.41251,0.001802,0.001802,0.001802
12,563.644,1.75242,1.46226,1.3957,0.55023,0.56424,0.52778,0.18354,2.2532,1.7242,1.36932,0.0017822,0.0017822,0.0017822
13,608.708,1.69674,1.37975,1.38003,0.52917,0.41979,0.41012,0.14283,2.27015,1.7944,1.41113,0.0017624,0.0017624,0.0017624
14,653.969,1.78157,1.42489,1.41756,0.60885,0.54967,0.56397,0.18753,2.31033,2.11951,1.39253,0.0017426,0.0017426,0.0017426
15,700.485,1.76288,1.45333,1.38898,0.58971,0.53377,0.54555,0.17822,2.28735,1.55573,1.38611,0.0017228,0.0017228,0.0017228
16,748.138,1.68564,1.42369,1.39826,0.60031,0.49535,0.5315,0.1642,2.3651,1.67971,1.42809,0.001703,0.001703,0.001703
17,796.263,1.64816,1.32005,1.34426,0.63007,0.57075,0.61534,0.21737,2.17829,1.49594,1.3518,0.0016832,0.0016832,0.0016832
18,843.88,1.69921,1.3441,1.3579,0.59071,0.56424,0.54476,0.16575,2.34231,1.45828,1.44749,0.0016634,0.0016634,0.0016634
19,892.036,1.76243,1.36739,1.39614,0.5884,0.59868,0.56804,0.18314,2.2553,1.63189,1.36548,0.0016436,0.0016436,0.0016436
20,939.195,1.661,1.3892,1.32131,0.57622,0.53668,0.5448,0.1918,2.19799,1.50901,1.32068,0.0016238,0.0016238,0.0016238
21,986.317,1.6341,1.36551,1.35901,0.52165,0.49801,0.48518,0.15186,2.27232,1.6469,1.39471,0.001604,0.001604,0.001604
22,1034.9,1.72264,1.37599,1.36805,0.64568,0.62273,0.62944,0.20403,2.23776,1.44029,1.35933,0.0015842,0.0015842,0.0015842
23,1082.91,1.6905,1.31896,1.32312,0.62192,0.57616,0.60064,0.19433,2.18258,1.41357,1.32236,0.0015644,0.0015644,0.0015644
24,1128.73,1.62184,1.29811,1.33896,0.55897,0.53718,0.52981,0.15268,2.36689,1.56416,1.40697,0.0015446,0.0015446,0.0015446
25,1175.46,1.67402,1.29907,1.33749,0.53071,0.57086,0.53259,0.16502,2.24556,1.48104,1.35874,0.0015248,0.0015248,0.0015248
26,1221.6,1.64534,1.26335,1.3258,0.64147,0.61192,0.63073,0.22822,2.13393,1.31897,1.30561,0.001505,0.001505,0.001505
27,1267.54,1.67378,1.33467,1.35555,0.60744,0.55337,0.5615,0.19659,2.17528,1.40491,1.33245,0.0014852,0.0014852,0.0014852
28,1313.41,1.64467,1.29881,1.31768,0.62956,0.57616,0.59972,0.20585,2.16425,1.38827,1.32062,0.0014654,0.0014654,0.0014654
29,1359.82,1.64721,1.27534,1.30978,0.62227,0.58278,0.58743,0.18018,2.31728,1.40783,1.38681,0.0014456,0.0014456,0.0014456
30,1406.42,1.67307,1.22742,1.33455,0.64566,0.5947,0.63098,0.21735,2.15155,1.33407,1.31641,0.0014258,0.0014258,0.0014258
31,1451.74,1.64052,1.25662,1.2847,0.59317,0.57219,0.57037,0.18547,2.18123,1.55017,1.31701,0.001406,0.001406,0.001406
32,1500.02,1.6404,1.22257,1.32594,0.63556,0.62649,0.63607,0.2222,2.20923,1.31406,1.34852,0.0013862,0.0013862,0.0013862
33,1548.37,1.64237,1.2443,1.33024,0.5695,0.48212,0.49413,0.18434,2.25979,1.93602,1.38234,0.0013664,0.0013664,0.0013664
34,1598.34,1.63012,1.24041,1.29273,0.64561,0.58675,0.61352,0.2191,2.13028,1.41752,1.31099,0.0013466,0.0013466,0.0013466
35,1645.95,1.64574,1.22557,1.31286,0.65155,0.59735,0.62598,0.23158,2.14025,1.3679,1.31051,0.0013268,0.0013268,0.0013268
36,1692.47,1.58043,1.17735,1.27167,0.69811,0.62484,0.68314,0.2546,2.07058,1.28121,1.27384,0.001307,0.001307,0.001307
37,1739.27,1.62933,1.19139,1.31025,0.66774,0.64636,0.68718,0.26081,2.07905,1.24081,1.29359,0.0012872,0.0012872,0.0012872
38,1786.46,1.58967,1.14527,1.30124,0.71441,0.63046,0.68364,0.26241,2.10045,1.23719,1.29277,0.0012674,0.0012674,0.0012674
39,1832.32,1.64341,1.1108,1.31235,0.65277,0.57518,0.62417,0.25768,2.0597,1.57969,1.2741,0.0012476,0.0012476,0.0012476
40,1878.89,1.64019,1.20187,1.28974,0.61813,0.59338,0.58677,0.18746,2.25405,1.59082,1.35696,0.0012278,0.0012278,0.0012278
41,1925.28,1.62895,1.21885,1.3123,0.60476,0.50463,0.55042,0.23936,2.03589,1.75079,1.26531,0.001208,0.001208,0.001208
42,1974.44,1.59383,1.22385,1.31131,0.42857,0.31391,0.35939,0.16857,2.24606,4.22206,1.41493,0.0011882,0.0011882,0.0011882
43,2020.43,1.61843,1.17292,1.24806,0.69977,0.62914,0.68334,0.28384,1.97788,1.24866,1.23779,0.0011684,0.0011684,0.0011684
44,2068.06,1.62027,1.18073,1.29245,0.67256,0.63576,0.66404,0.28886,1.95175,1.26922,1.23702,0.0011486,0.0011486,0.0011486
45,2114.77,1.61689,1.15636,1.29117,0.65273,0.65226,0.67793,0.27619,2.00375,1.22638,1.22866,0.0011288,0.0011288,0.0011288
46,2161.45,1.60459,1.1653,1.27411,0.6955,0.58675,0.64928,0.2411,2.14725,1.26048,1.31372,0.001109,0.001109,0.001109
47,2208.91,1.58877,1.1489,1.30066,0.67336,0.62252,0.66828,0.2531,2.07915,1.2256,1.2693,0.0010892,0.0010892,0.0010892
48,2256.89,1.62837,1.1731,1.28224,0.67246,0.63311,0.67654,0.28722,1.96497,1.22448,1.2261,0.0010694,0.0010694,0.0010694
49,2307.32,1.61342,1.20803,1.29252,0.62785,0.5298,0.54807,0.17811,2.33441,1.46266,1.37155,0.0010496,0.0010496,0.0010496
50,2353.37,1.58528,1.14777,1.27819,0.69569,0.59073,0.67796,0.29901,1.9502,1.22832,1.22569,0.0010298,0.0010298,0.0010298
51,2401.95,1.56351,1.1975,1.29884,0.67159,0.67173,0.70628,0.28959,1.93822,1.24531,1.21859,0.00101,0.00101,0.00101
52,2449.7,1.60238,1.16622,1.29047,0.68736,0.67682,0.72228,0.30181,1.91437,1.22089,1.21817,0.0009902,0.0009902,0.0009902
53,2496.12,1.5779,1.13552,1.28395,0.70058,0.67285,0.72383,0.30912,1.91327,1.1599,1.2101,0.0009704,0.0009704,0.0009704
54,2544.31,1.53778,1.13646,1.28163,0.73076,0.64347,0.73433,0.33471,1.85426,1.12013,1.18023,0.0009506,0.0009506,0.0009506
55,2591.18,1.54727,1.11459,1.26268,0.71475,0.63046,0.72092,0.32228,1.88389,1.14645,1.18861,0.0009308,0.0009308,0.0009308
56,2638.73,1.5723,1.08415,1.24813,0.71384,0.66623,0.73278,0.30009,1.95792,1.16283,1.22798,0.000911,0.000911,0.000911
57,2686.05,1.52761,1.04813,1.25224,0.67567,0.66358,0.71454,0.3266,1.86291,1.15669,1.18092,0.0008912,0.0008912,0.0008912
58,2734.77,1.56054,1.06481,1.27929,0.71707,0.67682,0.72757,0.29934,1.97253,1.15897,1.22429,0.0008714,0.0008714,0.0008714
59,2782.56,1.58343,1.07091,1.28524,0.70652,0.67281,0.72855,0.29914,1.97711,1.14278,1.23012,0.0008516,0.0008516,0.0008516
60,2832.14,1.58667,1.07507,1.27984,0.67054,0.65033,0.70248,0.30966,1.92495,1.2202,1.20985,0.0008318,0.0008318,0.0008318
61,2880.55,1.5313,1.07494,1.25123,0.70078,0.64238,0.70144,0.28523,2.02627,1.19872,1.25421,0.000812,0.000812,0.000812
62,2930.7,1.54427,1.07422,1.27303,0.70947,0.65828,0.72421,0.34097,1.8357,1.13308,1.17981,0.0007922,0.0007922,0.0007922
63,2979.3,1.56753,1.08721,1.27307,0.71661,0.67322,0.73298,0.30218,1.98588,1.18153,1.22206,0.0007724,0.0007724,0.0007724
64,3027.32,1.52759,1.01385,1.24693,0.71118,0.65563,0.71985,0.3066,1.96878,1.16176,1.22601,0.0007526,0.0007526,0.0007526
65,3073.52,1.51084,1.03134,1.28693,0.71063,0.62517,0.70994,0.31784,1.91273,1.21377,1.1995,0.0007328,0.0007328,0.0007328
66,3120.95,1.5258,1.04979,1.26783,0.6955,0.60132,0.69591,0.32146,1.82656,1.17924,1.1714,0.000713,0.000713,0.000713
67,3169.27,1.49613,0.99178,1.23062,0.68177,0.64414,0.70743,0.30332,1.95786,1.14328,1.22584,0.0006932,0.0006932,0.0006932
68,3216.72,1.53484,1.03864,1.26987,0.70127,0.66358,0.73198,0.30024,1.97965,1.11671,1.23081,0.0006734,0.0006734,0.0006734
69,3264.06,1.50012,1.01803,1.23346,0.71302,0.68449,0.75238,0.34987,1.81776,1.08834,1.16498,0.0006536,0.0006536,0.0006536
70,3312.26,1.5277,1.01954,1.2607,0.72911,0.66664,0.72841,0.2888,2.03349,1.1945,1.24963,0.0006338,0.0006338,0.0006338
71,3362.12,1.50748,0.98538,1.23674,0.70736,0.67947,0.74615,0.34323,1.81539,1.09753,1.16739,0.000614,0.000614,0.000614
72,3409.38,1.5196,1.02129,1.27619,0.7049,0.69404,0.746,0.34036,1.83322,1.10994,1.17354,0.0005942,0.0005942,0.0005942
73,3456.36,1.49369,0.96811,1.21797,0.7301,0.68076,0.75417,0.35145,1.79351,1.10888,1.15433,0.0005744,0.0005744,0.0005744
74,3503.3,1.47722,0.98896,1.2416,0.73018,0.68477,0.75044,0.34272,1.83325,1.10828,1.16576,0.0005546,0.0005546,0.0005546
75,3550.16,1.47398,0.94495,1.2111,0.67665,0.67682,0.72226,0.3151,1.93279,1.15537,1.20485,0.0005348,0.0005348,0.0005348
76,3599.32,1.50158,0.99529,1.23919,0.69156,0.68212,0.72893,0.33424,1.85845,1.12413,1.17991,0.000515,0.000515,0.000515
77,3646.62,1.50529,0.99702,1.23991,0.7115,0.69007,0.75545,0.35783,1.77998,1.05976,1.15285,0.0004952,0.0004952,0.0004952
78,3694.13,1.50481,0.98066,1.22671,0.69459,0.69284,0.74943,0.35737,1.77461,1.07983,1.14955,0.0004754,0.0004754,0.0004754
79,3742.29,1.48739,0.95534,1.25903,0.68399,0.64502,0.7055,0.32907,1.83622,1.16667,1.18036,0.0004556,0.0004556,0.0004556
80,3790.21,1.48489,0.97395,1.24283,0.68947,0.62781,0.70719,0.32948,1.8403,1.13777,1.17574,0.0004358,0.0004358,0.0004358
81,3836.48,1.46073,0.93379,1.22844,0.69717,0.66473,0.72848,0.34445,1.81973,1.12153,1.16488,0.000416,0.000416,0.000416
82,3883.42,1.47808,0.94874,1.21832,0.70203,0.70838,0.75272,0.3542,1.80801,1.0611,1.16564,0.0003962,0.0003962,0.0003962
83,3930.21,1.50558,0.9641,1.24888,0.69871,0.6755,0.74108,0.34515,1.86719,1.09671,1.18235,0.0003764,0.0003764,0.0003764
84,3979.67,1.48386,0.92217,1.25981,0.72159,0.69669,0.75782,0.35689,1.80234,1.04818,1.16181,0.0003566,0.0003566,0.0003566
85,4027.78,1.49148,0.95589,1.21,0.72776,0.67981,0.75168,0.35301,1.82321,1.05308,1.16945,0.0003368,0.0003368,0.0003368
86,4074.14,1.4702,0.94184,1.1959,0.71152,0.67297,0.7455,0.34832,1.83234,1.07811,1.17421,0.000317,0.000317,0.000317
87,4122.13,1.47591,0.94973,1.24009,0.71406,0.66755,0.74268,0.33719,1.864,1.0777,1.18924,0.0002972,0.0002972,0.0002972
88,4170.49,1.48787,0.94107,1.24929,0.69408,0.70728,0.74987,0.34097,1.84727,1.05831,1.17704,0.0002774,0.0002774,0.0002774
89,4218.48,1.46903,0.94644,1.23844,0.70779,0.69801,0.75354,0.34659,1.82792,1.08544,1.16388,0.0002576,0.0002576,0.0002576
90,4267.4,1.44282,0.89035,1.20791,0.71271,0.67947,0.75273,0.34733,1.82075,1.05458,1.16699,0.0002378,0.0002378,0.0002378
91,4313.83,1.44757,0.96862,1.24631,0.67177,0.69139,0.73067,0.30609,1.98184,1.11797,1.23023,0.000218,0.000218,0.000218
92,4358.66,1.41492,0.89653,1.24389,0.7137,0.63725,0.72114,0.28303,2.05068,1.22361,1.26043,0.0001982,0.0001982,0.0001982
93,4402.75,1.44566,0.90938,1.27991,0.69567,0.66093,0.72769,0.31081,1.95313,1.14399,1.22262,0.0001784,0.0001784,0.0001784
94,4447.67,1.40562,0.90485,1.27523,0.69426,0.69272,0.73974,0.32724,1.9051,1.08127,1.20232,0.0001586,0.0001586,0.0001586
95,4491.72,1.41021,0.91911,1.26514,0.67816,0.70861,0.74509,0.32592,1.91523,1.06723,1.20382,0.0001388,0.0001388,0.0001388
96,4536.86,1.41399,0.89794,1.24981,0.69692,0.67947,0.74874,0.34277,1.84101,1.0508,1.17367,0.000119,0.000119,0.000119
97,4581.32,1.37409,0.87294,1.25165,0.7223,0.65563,0.75315,0.3484,1.81941,1.06177,1.16498,9.92e-05,9.92e-05,9.92e-05
98,4624.58,1.37558,0.85367,1.22485,0.69859,0.68212,0.75201,0.32769,1.92408,1.05519,1.20587,7.94e-05,7.94e-05,7.94e-05
99,4669.33,1.39362,0.85016,1.23724,0.69644,0.70498,0.75541,0.33799,1.88517,1.05257,1.19067,5.96e-05,5.96e-05,5.96e-05
100,4714.56,1.38864,0.85997,1.24411,0.69288,0.72185,0.76088,0.34531,1.86261,1.04707,1.18203,3.98e-05,3.98e-05,3.98e-05
